folder,file,n_samples,W_statistic,p_value,normal,conclusion
Dask_v2022.1.0_itr(20),Dask_adult_v2022.1.0_itr(20).csv,380,0.5494,0.0,False,Not Normal
Dask_v2022.1.0_itr(20),Dask_bank_v2022.1.0_itr(20).csv,380,0.5366,0.0,False,Not Normal
Dask_v2022.1.0_itr(20),Dask_drug_v2022.1.0_itr(20).csv,380,0.4953,0.0,False,Not Normal
Dask_v2022.1.0_itr(20),Dask_exam_v2022.1.0_itr(20).csv,380,0.5442,0.0,False,Not Normal
Dask_v2022.1.0_itr(20),Dask_water_v2022.1.0_itr(20).csv,380,0.7605,0.0,False,Not Normal
Dask_v2022.1.0_itr(20),dask_census_v2022.1.0_itr(20).csv,380,0.0304,0.0,False,Not Normal
Dask_v2022.1.0_itr(30),Dask_adult_v2022.1.0_itr(30).csv,570,0.548,0.0,False,Not Normal
Dask_v2022.1.0_itr(30),Dask_bank_v2022.1.0_itr(30).csv,570,0.5346,0.0,False,Not Normal
Dask_v2022.1.0_itr(30),Dask_drug_v2022.1.0_itr(30).csv,570,0.4939,0.0,False,Not Normal
Dask_v2022.1.0_itr(30),Dask_exam_v2022.1.0_itr(30).csv,570,0.5417,0.0,False,Not Normal
Dask_v2022.1.0_itr(30),Dask_water_v2022.1.0_itr(30).csv,570,0.7571,0.0,False,Not Normal
Dask_v2022.1.0_itr(30),dask_census_v2022.1.0_itr(30).csv,570,0.5046,0.0,False,Not Normal
Dask_v2024.8.0_itr(20),Dask_adult_v2024.8.0_itr(20).csv,380,0.5513,0.0,False,Not Normal
Dask_v2024.8.0_itr(20),Dask_bank_v2024.8.0_itr(20).csv,380,0.5333,0.0,False,Not Normal
Dask_v2024.8.0_itr(20),Dask_drug_v2024.8.0_itr(20).csv,380,0.4942,0.0,False,Not Normal
Dask_v2024.8.0_itr(20),Dask_exam_v2024.8.0_itr(20).csv,380,0.5435,0.0,False,Not Normal
Dask_v2024.8.0_itr(20),Dask_water_v2024.8.0_itr(20).csv,380,0.7598,0.0,False,Not Normal
Dask_v2024.8.0_itr(20),dask_census_v2024.8.0_itr(20).csv,380,0.4889,0.0,False,Not Normal
Dask_v2024.8.0_itr(30),Dask_adult_v2024.8.0_itr(30).csv,570,0.5496,0.0,False,Not Normal
Dask_v2024.8.0_itr(30),Dask_bank_v2024.8.0_itr(30).csv,570,0.5317,0.0,False,Not Normal
Dask_v2024.8.0_itr(30),Dask_drug_v2024.8.0_itr(30).csv,570,0.4942,0.0,False,Not Normal
Dask_v2024.8.0_itr(30),Dask_exam_v2024.8.0_itr(30).csv,570,0.5406,0.0,False,Not Normal
Dask_v2024.8.0_itr(30),Dask_water_v2024.8.0_itr(30).csv,570,0.7506,0.0,False,Not Normal
Dask_v2024.8.0_itr(30),dask_census_v2024.8.0_itr(30).csv,570,0.4912,0.0,False,Not Normal
Dask_v2025.1.0_itr(20),Dask_adult_v2025.1.0_itr(20).csv,380,0.5475,0.0,False,Not Normal
Dask_v2025.1.0_itr(20),Dask_bank_v2025.1.0_itr(20).csv,380,0.5347,0.0,False,Not Normal
Dask_v2025.1.0_itr(20),Dask_drug_v2025.1.0_itr(20).csv,380,0.4935,0.0,False,Not Normal
Dask_v2025.1.0_itr(20),Dask_exam_v2025.1.0_itr(20).csv,380,0.5456,0.0,False,Not Normal
Dask_v2025.1.0_itr(20),Dask_water_v2025.1.0_itr(20).csv,380,0.7468,0.0,False,Not Normal
Dask_v2025.1.0_itr(20),dask_census_v2025.1.0_itr(20).csv,380,0.4875,0.0,False,Not Normal
Dask_v2025.1.0_itr(30),Dask_adult_v2025.1.0_itr(30).csv,570,0.5489,0.0,False,Not Normal
Dask_v2025.1.0_itr(30),Dask_bank_v2025.1.0_itr(30).csv,570,0.5328,0.0,False,Not Normal
Dask_v2025.1.0_itr(30),Dask_drug_v2025.1.0_itr(30).csv,570,0.4952,0.0,False,Not Normal
Dask_v2025.1.0_itr(30),Dask_exam_v2025.1.0_itr(30).csv,570,0.5427,0.0,False,Not Normal
Dask_v2025.1.0_itr(30),Dask_water_v2025.1.0_itr(30).csv,570,0.7608,0.0,False,Not Normal
Dask_v2025.1.0_itr(30),dask_census_v2025.1.0_itr(30).csv,570,0.0229,0.0,False,Not Normal
Pandas_v1.0.0_itr(20),Pandas_census_v1.0.0_itr(20).csv,380,0.4038,0.0,False,Not Normal
Pandas_v1.0.0_itr(20),pandas_adult_v1.0.0_itr(20).csv,380,0.5037,0.0,False,Not Normal
Pandas_v1.0.0_itr(20),pandas_bank_v1.0.0_itr(20).csv,380,0.5131,0.0,False,Not Normal
Pandas_v1.0.0_itr(20),pandas_drug_v1.0.0_itr(20).csv,380,0.2851,0.0,False,Not Normal
Pandas_v1.0.0_itr(20),pandas_exam_v1.0.0_itr(20).csv,380,0.5331,0.0,False,Not Normal
Pandas_v1.0.0_itr(20),pandas_water_v1.0.0_itr(20).csv,380,0.5313,0.0,False,Not Normal
Pandas_v1.0.0_itr(30),Pandas_census_v1.0.0_itr(30).csv,570,0.4039,0.0,False,Not Normal
Pandas_v1.0.0_itr(30),pandas_adult_v1.0.0_itr(30).csv,570,0.5178,0.0,False,Not Normal
Pandas_v1.0.0_itr(30),pandas_bank_v1.0.0_itr(30).csv,570,0.5132,0.0,False,Not Normal
Pandas_v1.0.0_itr(30),pandas_drug_v1.0.0_itr(30).csv,570,0.3085,0.0,False,Not Normal
Pandas_v1.0.0_itr(30),pandas_exam_v1.0.0_itr(30).csv,570,0.5314,0.0,False,Not Normal
Pandas_v1.0.0_itr(30),pandas_water_v1.0.0_itr(30).csv,570,0.5299,0.0,False,Not Normal
Pandas_v2.0.0_itr(20),pandas_adult_v2.0.0_itr(20).csv,380,0.5305,0.0,False,Not Normal
Pandas_v2.0.0_itr(20),pandas_bank_v2.0.0_itr(20).csv,380,0.4335,0.0,False,Not Normal
Pandas_v2.0.0_itr(20),pandas_census_v2.0.0_itr(20).csv,380,0.4357,0.0,False,Not Normal
Pandas_v2.0.0_itr(20),pandas_drug_v2.0.0_itr(20).csv,380,0.3195,0.0,False,Not Normal
Pandas_v2.0.0_itr(20),pandas_exam_v2.0.0_itr(20).csv,380,0.5385,0.0,False,Not Normal
Pandas_v2.0.0_itr(20),pandas_water_v2.0.0_itr(20).csv,380,0.5292,0.0,False,Not Normal
Pandas_v2.0.0_itr(30),pandas_adult_v2.0.0_itr(30).csv,570,0.5275,0.0,False,Not Normal
Pandas_v2.0.0_itr(30),pandas_bank_v2.0.0_itr(30).csv,570,0.4361,0.0,False,Not Normal
Pandas_v2.0.0_itr(30),pandas_census_v2.0.0_itr(30).csv,570,0.437,0.0,False,Not Normal
Pandas_v2.0.0_itr(30),pandas_drug_v2.0.0_itr(30).csv,570,0.318,0.0,False,Not Normal
Pandas_v2.0.0_itr(30),pandas_exam_v2.0.0_itr(30).csv,570,0.5412,0.0,False,Not Normal
Pandas_v2.0.0_itr(30),pandas_water_v2.0.0_itr(30).csv,570,0.5273,0.0,False,Not Normal
Pandas_v2.2.3_itr(20),pandas_adult_v2.2.3_itr(20).csv,380,0.5205,0.0,False,Not Normal
Pandas_v2.2.3_itr(20),pandas_bank_v2.2.3_itr(20).csv,380,0.4379,0.0,False,Not Normal
Pandas_v2.2.3_itr(20),pandas_census_v2.2.3_itr(20).csv,380,0.4375,0.0,False,Not Normal
Pandas_v2.2.3_itr(20),pandas_drug_v2.2.3_itr(20).csv,380,0.3174,0.0,False,Not Normal
Pandas_v2.2.3_itr(20),pandas_exam_v2.2.3_itr(20).csv,380,0.535,0.0,False,Not Normal
Pandas_v2.2.3_itr(20),pandas_water_v2.2.3_itr(20).csv,380,0.5288,0.0,False,Not Normal
Pandas_v2.2.3_itr(30),pandas_adult_v2.2.3_itr(30).csv,570,0.5287,0.0,False,Not Normal
Pandas_v2.2.3_itr(30),pandas_bank_v2.2.3_itr(30).csv,570,0.4357,0.0,False,Not Normal
Pandas_v2.2.3_itr(30),pandas_census_v2.2.3_itr(30).csv,570,0.4375,0.0,False,Not Normal
Pandas_v2.2.3_itr(30),pandas_drug_v2.2.3_itr(30).csv,570,0.3173,0.0,False,Not Normal
Pandas_v2.2.3_itr(30),pandas_exam_v2.2.3_itr(30).csv,570,0.5362,0.0,False,Not Normal
Pandas_v2.2.3_itr(30),pandas_water_v2.2.3_itr(30).csv,570,0.5325,0.0,False,Not Normal
Polars_v0.20.0_itr(20),polaris_census_v0.20.0_itr(20).csv,380,0.3507,0.0,False,Not Normal
Polars_v0.20.0_itr(20),polars_adult_v0.20.0_itr(20).csv,380,0.2535,0.0,False,Not Normal
Polars_v0.20.0_itr(20),polars_bank_v0.20.0_itr(20).csv,380,0.2471,0.0,False,Not Normal
Polars_v0.20.0_itr(20),polars_drug_v0.20.0_itr(20).csv,380,0.3667,0.0,False,Not Normal
Polars_v0.20.0_itr(20),polars_exam_v0.20.0_itr(20).csv,380,0.2519,0.0,False,Not Normal
Polars_v0.20.0_itr(20),polars_water_v0.20.0_itr(20).csv,380,0.3652,0.0,False,Not Normal
Polars_v0.20.0_itr(30),polaris_census_v0.20.0_itr(30).csv,570,0.351,0.0,False,Not Normal
Polars_v0.20.0_itr(30),polars_adult_v0.20.0_itr(30).csv,570,0.2526,0.0,False,Not Normal
Polars_v0.20.0_itr(30),polars_bank_v0.20.0_itr(30).csv,570,0.2465,0.0,False,Not Normal
Polars_v0.20.0_itr(30),polars_drug_v0.20.0_itr(30).csv,570,0.3647,0.0,False,Not Normal
Polars_v0.20.0_itr(30),polars_exam_v0.20.0_itr(30).csv,570,0.2512,0.0,False,Not Normal
Polars_v0.20.0_itr(30),polars_water_v0.20.0_itr(30).csv,570,0.4234,0.0,False,Not Normal
Polars_v1.0.0_itr(20),polaris_census_v1.0.0_itr(20).csv,380,0.3517,0.0,False,Not Normal
Polars_v1.0.0_itr(20),polars_adult_v1.0.0_itr(20).csv,380,0.2538,0.0,False,Not Normal
Polars_v1.0.0_itr(20),polars_bank_v1.0.0_itr(20).csv,380,0.2477,0.0,False,Not Normal
Polars_v1.0.0_itr(20),polars_drug_v1.0.0_itr(20).csv,380,0.3665,0.0,False,Not Normal
Polars_v1.0.0_itr(20),polars_exam_v1.0.0_itr(20).csv,380,0.252,0.0,False,Not Normal
Polars_v1.0.0_itr(20),polars_water_v1.0.0_itr(20).csv,380,0.3857,0.0,False,Not Normal
Polars_v1.0.0_itr(30),polaris_census_v1.0.0_itr(30).csv,570,0.3514,0.0,False,Not Normal
Polars_v1.0.0_itr(30),polars_adult_v1.0.0_itr(30).csv,570,0.2526,0.0,False,Not Normal
Polars_v1.0.0_itr(30),polars_bank_v1.0.0_itr(30).csv,570,0.2465,0.0,False,Not Normal
Polars_v1.0.0_itr(30),polars_drug_v1.0.0_itr(30).csv,570,0.3653,0.0,False,Not Normal
Polars_v1.0.0_itr(30),polars_exam_v1.0.0_itr(30).csv,570,0.2512,0.0,False,Not Normal
Polars_v1.0.0_itr(30),polars_water_v1.0.0_itr(30).csv,570,0.447,0.0,False,Not Normal
Polars_v1.31.0_itr(20),polaris_census_v1.31.0_itr(20).csv,380,0.3525,0.0,False,Not Normal
Polars_v1.31.0_itr(20),polars_adult_v1.31.0_itr(20).csv,380,0.2531,0.0,False,Not Normal
Polars_v1.31.0_itr(20),polars_bank_v1.31.0_itr(20).csv,380,0.0265,0.0,False,Not Normal
Polars_v1.31.0_itr(20),polars_drug_v1.31.0_itr(20).csv,380,0.3654,0.0,False,Not Normal
Polars_v1.31.0_itr(20),polars_exam_v1.31.0_itr(20).csv,380,0.2519,0.0,False,Not Normal
Polars_v1.31.0_itr(20),polars_water_v1.31.0_itr(20).csv,380,0.3499,0.0,False,Not Normal
Polars_v1.31.0_itr(30),polaris_census_v1.31.0_itr(30).csv,570,0.3503,0.0,False,Not Normal
Polars_v1.31.0_itr(30),polars_adult_v1.31.0_itr(30).csv,570,0.2529,0.0,False,Not Normal
Polars_v1.31.0_itr(30),polars_bank_v1.31.0_itr(30).csv,570,0.2465,0.0,False,Not Normal
Polars_v1.31.0_itr(30),polars_drug_v1.31.0_itr(30).csv,570,0.3659,0.0,False,Not Normal
Polars_v1.31.0_itr(30),polars_exam_v1.31.0_itr(30).csv,570,0.2514,0.0,False,Not Normal
Polars_v1.31.0_itr(30),polars_water_v1.31.0_itr(30).csv,570,0.4035,0.0,False,Not Normal
Vaex_v4.13.0_itr(20),Vaex_adult_v4.13.0_itr(20).csv,380,0.5834,0.0,False,Not Normal
Vaex_v4.13.0_itr(20),Vaex_bank_v4.13.0_itr(20).csv,380,0.5596,0.0,False,Not Normal
Vaex_v4.13.0_itr(20),Vaex_drug_v4.13.0_itr(20).csv,380,0.3428,0.0,False,Not Normal
Vaex_v4.13.0_itr(20),Vaex_exam_v4.13.0_itr(20).csv,380,0.6128,0.0,False,Not Normal
Vaex_v4.13.0_itr(20),Vaex_water_v4.13.0_itr(20).csv,380,0.7012,0.0,False,Not Normal
Vaex_v4.13.0_itr(20),vaex_census_v4.13.0_itr(20).csv,380,0.0285,0.0,False,Not Normal
Vaex_v4.13.0_itr(30),Vaex_adult_v4.13.0_itr(30).csv,570,0.5928,0.0,False,Not Normal
Vaex_v4.13.0_itr(30),Vaex_bank_v4.13.0_itr(30).csv,570,0.5643,0.0,False,Not Normal
Vaex_v4.13.0_itr(30),Vaex_drug_v4.13.0_itr(30).csv,570,0.3454,0.0,False,Not Normal
Vaex_v4.13.0_itr(30),Vaex_exam_v4.13.0_itr(30).csv,570,0.6101,0.0,False,Not Normal
Vaex_v4.13.0_itr(30),Vaex_water_v4.13.0_itr(30).csv,570,0.6928,0.0,False,Not Normal
Vaex_v4.13.0_itr(30),vaex_census_v4.13.0_itr(30).csv,570,0.4531,0.0,False,Not Normal
Vaex_v4.15.0_itr(20),Vaex_adult_v4.15.0_itr(20).csv,380,0.5692,0.0,False,Not Normal
Vaex_v4.15.0_itr(20),Vaex_bank_v4.15.0_itr(20).csv,380,0.5327,0.0,False,Not Normal
Vaex_v4.15.0_itr(20),Vaex_drug_v4.15.0_itr(20).csv,380,0.3417,0.0,False,Not Normal
Vaex_v4.15.0_itr(20),Vaex_exam_v4.15.0_itr(20).csv,380,0.5762,0.0,False,Not Normal
Vaex_v4.15.0_itr(20),Vaex_water_v4.15.0_itr(20).csv,380,0.6734,0.0,False,Not Normal
Vaex_v4.15.0_itr(20),vaex_census_v4.15.0_itr(20).csv,380,0.4552,0.0,False,Not Normal
Vaex_v4.15.0_itr(30),Vaex_adult_v4.15.0_itr(30).csv,570,0.5703,0.0,False,Not Normal
Vaex_v4.15.0_itr(30),Vaex_bank_v4.15.0_itr(30).csv,570,0.537,0.0,False,Not Normal
Vaex_v4.15.0_itr(30),Vaex_drug_v4.15.0_itr(30).csv,570,0.3427,0.0,False,Not Normal
Vaex_v4.15.0_itr(30),Vaex_exam_v4.15.0_itr(30).csv,570,0.5761,0.0,False,Not Normal
Vaex_v4.15.0_itr(30),Vaex_water_v4.15.0_itr(30).csv,570,0.6902,0.0,False,Not Normal
Vaex_v4.15.0_itr(30),vaex_census_v4.15.0_itr(30).csv,570,0.4538,0.0,False,Not Normal
Vaex_v4.17.0_itr(20),Vaex_adult_v4.17.0_itr(20).csv,380,0.5694,0.0,False,Not Normal
Vaex_v4.17.0_itr(20),Vaex_bank_v4.17.0_itr(20).csv,380,0.5362,0.0,False,Not Normal
Vaex_v4.17.0_itr(20),Vaex_drug_v4.17.0_itr(20).csv,380,0.3415,0.0,False,Not Normal
Vaex_v4.17.0_itr(20),Vaex_exam_v4.17.0_itr(20).csv,380,0.5769,0.0,False,Not Normal
Vaex_v4.17.0_itr(20),Vaex_water_v4.17.0_itr(20).csv,380,0.6572,0.0,False,Not Normal
Vaex_v4.17.0_itr(20),vaex_census_v4.17.0_itr(20).csv,380,0.4526,0.0,False,Not Normal
Vaex_v4.17.0_itr(30),Vaex_adult_v4.17.0_itr(30).csv,570,0.5684,0.0,False,Not Normal
Vaex_v4.17.0_itr(30),Vaex_bank_v4.17.0_itr(30).csv,570,0.5391,0.0,False,Not Normal
Vaex_v4.17.0_itr(30),Vaex_drug_v4.17.0_itr(30).csv,570,0.3437,0.0,False,Not Normal
Vaex_v4.17.0_itr(30),Vaex_exam_v4.17.0_itr(30).csv,570,0.5773,0.0,False,Not Normal
Vaex_v4.17.0_itr(30),Vaex_water_v4.17.0_itr(30).csv,570,0.6491,0.0,False,Not Normal
Vaex_v4.17.0_itr(30),vaex_census_v4.17.0_itr(30).csv,570,0.4531,0.0,False,Not Normal
